{
   "bsc":{
      "issued":{
         "tether":1350000115.495224
      },
      "circulating":{
         "tether":1350000115.495224
      }
   },
   "heco":{
      "issued":{
         "tether":1267501370
      },
      "circulating":{
         "tether":1267501370
      }
   },
   "solana":{
      "issued":{
         "tether":1890000007.688917
      },
      "unreleased":{
         "tether":137014792.767584
      },
      "circulating":{
         "tether":1752985214.9213328
      }
   },
   "arbitrum":{
      "issued":{
         "tether":339319142.041595
      },
      "unreleased":{
         "tether":24673370.785358
      },
      "circulating":{
         "tether":314645771.256237
      }
   },
   "ethereum":{
      "issued":{
         "tether":39817078773.27515
      },
      "unreleased":{
         "tether":1821504808.470971
      },
      "circulating":{
         "tether":31188230591.934906
      }
   },
   "optimism":{
      "issued":{
         "tether":16506825.611895
      },
      "unreleased":{
         "tether":189308.880539
      },
      "circulating":{
         "tether":16317516.731356
      }
   },
   "harmony":{
      "issued":{
         "tether":59274587.587885
      },
      "unreleased":{
         "tether":375.26921
      },
      "circulating":{
         "tether":59274212.318675
      }
   },
   "kcc":{
      "issued":{
         "tether":1222664734.348583
      },
      "unreleased":{
         "tether":1190673279.8368018
      },
      "circulating":{
         "tether":31991454.511781216
      }
   },
   "avax":{
      "issued":{
         "tether":610801440.051625
      },
      "unreleased":{
         "tether":650926.121955
      },
      "circulating":{
         "tether":610150513.92967
      }
   },
   "syscoin":{
      "issued":{
         "tether":266364.558426
      },
      "unreleased":{
         "tether":560
      },
      "circulating":{
         "tether":265804.558426
      }
   },
   "moonriver":{
      "issued":{
         "tether":20633777.452647
      },
      "unreleased":{
         "tether":34648.053857
      },
      "circulating":{
         "tether":20599129.398790002
      }
   },
   "polygon":{
      "issued":{
         "tether":661156791.369641
      },
      "unreleased":{
         "tether":3194816.961343
      },
      "circulating":{
         "tether":657961974.4082979
      }
   },
   "metis":{
      "issued":{
         "tether":55404455.668365
      },
      "unreleased":{
         "tether":10548971.22066
      },
      "circulating":{
         "tether":44855484.447705
      }
   },
   "moonbeam":{
      "unreleased":{
         "tether":53525.811123
      },
      "issued":{
         "tether":14326134.175842
      },
      "circulating":{
         "tether":14272608.364719
      }
   },
   "okexchain":{
      "issued":{
         "tether":1185225959.114393
      },
      "unreleased":{
         "tether":229492111.114393
      },
      "circulating":{
         "tether":955733848
      }
   },
   "boba":{
      "issued":{
         "tether":4261675.393141
      },
      "unreleased":{
         "tether":18049.192697
      },
      "circulating":{
         "tether":4243626.200444
      }
   }
}